<?xml version="1.0" encoding="UTF-8"?>
<LightningComponentBundle xmlns="http://soap.sforce.com/2006/04/metadata">
    <apiVersion>60.0</apiVersion>
    <isExposed>true</isExposed>
    <masterLabel>Secure Download Button</masterLabel>
    <targets>
        <target>lightning__RecordPage</target>
        <target>lightning__AppPage</target>
        <target>lightning__HomePage</target>
    </targets>
    <targetConfigs>
        <targetConfig targets="lightning__RecordPage,lightning__AppPage,lightning__HomePage">
            <property name="contentDocumentId" type="String" label="Content Document Id" description="Provide ContentDocumentId if known"/>
            <property name="contentVersionId" type="String" label="Content Version Id" description="Provide ContentVersionId if known"/>
            <property name="label" type="String" label="Button Label"/>
            <property name="title" type="String" label="Button Title"/>
            <property name="variant" type="String" label="Variant (brand, neutral, etc.)"/>
        </targetConfig>
    </targetConfigs>
</LightningComponentBundle>
