[{"file":"c:/MyProjects/DownloadRestriction/force-app/main/default/lwc/secureDownloadButton/secureDownloadButton.js","metadata":{"decorators":[{"type":"api","targets":[{"name":"contentDocumentId","type":"property","value":{"type":"unresolved"}},{"name":"contentVersionId","type":"property","value":{"type":"unresolved"}},{"name":"recordId","type":"property","value":{"type":"unresolved"}},{"name":"label","type":"property","value":{"type":"string","value":"Download"}},{"name":"title","type":"property","value":{"type":"string","value":"Download File"}},{"name":"variant","type":"property","value":{"type":"string","value":"brand"}},{"name":"disabled","type":"property","value":{"type":"boolean","value":false}}]}],"classMembers":[{"name":"contentDocumentId","type":"property","value":{"type":"unresolved"},"decorator":"api","loc":{"start":{"line":5,"column":4},"end":{"line":5,"column":27}}},{"name":"contentVersionId","type":"property","value":{"type":"unresolved"},"decorator":"api","loc":{"start":{"line":6,"column":4},"end":{"line":6,"column":26}}},{"name":"recordId","type":"property","value":{"type":"unresolved"},"decorator":"api","loc":{"start":{"line":7,"column":4},"end":{"line":7,"column":18}}},{"name":"label","type":"property","value":{"type":"string","value":"Download"},"decorator":"api","loc":{"start":{"line":8,"column":4},"end":{"line":8,"column":28}}},{"name":"title","type":"property","value":{"type":"string","value":"Download File"},"decorator":"api","loc":{"start":{"line":9,"column":4},"end":{"line":9,"column":33}}},{"name":"variant","type":"property","value":{"type":"string","value":"brand"},"decorator":"api","loc":{"start":{"line":10,"column":4},"end":{"line":10,"column":27}}},{"name":"disabled","type":"property","value":{"type":"boolean","value":false},"decorator":"api","loc":{"start":{"line":11,"column":4},"end":{"line":11,"column":26}}},{"name":"handleClick","type":"method","loc":{"start":{"line":13,"column":4},"end":{"line":26,"column":5}}},{"name":"buildDownloadUrl","type":"method","loc":{"start":{"line":28,"column":4},"end":{"line":39,"column":5}}}],"declarationLoc":{"start":{"line":4,"column":0},"end":{"line":40,"column":1}},"doc":"","exports":[{"type":"ExportDefaultDeclaration"}]},"updatedAt":"2025-09-29T14:59:30.628Z","_allAttributes":null,"_properties":null,"_methods":null}]